source,title,author,score,comments,url,created,subreddit,node_type,relationship_type
Reddit_venturecapital,Founders giving away 5% equity to advisors is insane - here's why your cap table is probably already screwed and you don't even know it,b_an_angel,118,30,https://reddit.com/r/venturecapital/comments/1qhjkds/founders_giving_away_5_equity_to_advisors_is/,1768863184.0,venturecapital,discussion,community_post
Reddit_venturecapital,Fundraising questions,doge-much-wow,11,13,https://reddit.com/r/venturecapital/comments/1qe78z7/fundraising_questions/,1768540764.0,venturecapital,discussion,community_post
Reddit_venturecapital,Have any folks here transitioned from CVC to traditional VC?,theonemaestro,8,9,https://reddit.com/r/venturecapital/comments/1qd58dn/have_any_folks_here_transitioned_from_cvc_to/,1768438724.0,venturecapital,discussion,community_post
Reddit_venturecapital,Are any of you HNWI or FO managers who invest in other VC funds?,beautimoose,23,16,https://reddit.com/r/venturecapital/comments/1q7els4/are_any_of_you_hnwi_or_fo_managers_who_invest_in/,1767885839.0,venturecapital,discussion,community_post
Reddit_venturecapital,JPM Health Conference Master Side Event Spreadsheet 2026,Fun-Cauliflower-183,36,3,https://reddit.com/r/venturecapital/comments/1q6rbmg/jpm_health_conference_master_side_event/,1767819185.0,venturecapital,discussion,community_post
Reddit_venturecapital,Investors Call AI-Driven Inflation 2026's Biggest Financial Risk,jonfla,4,0,https://reddit.com/r/venturecapital/comments/1q6l7nn/investors_call_aidriven_inflation_2026s_biggest/,1767806002.0,venturecapital,discussion,community_post
Reddit_venturecapital,Almost 80 European deep tech university spinouts reached $1B valuations or $100M in revenue in 2025,DefenseTech,43,1,https://reddit.com/r/venturecapital/comments/1q4y6x1/almost_80_european_deep_tech_university_spinouts/,1767647406.0,venturecapital,discussion,community_post
Reddit_venturecapital,8VC Fellowship,Fuzzy-Course5126,3,1,https://reddit.com/r/venturecapital/comments/1q2j7ji/8vc_fellowship/,1767409545.0,venturecapital,discussion,community_post
Reddit_venturecapital,How to test an Electron app for macOS when developing on Windows?,berlingrowth,2,0,https://reddit.com/r/venturecapital/comments/1q13ek2/how_to_test_an_electron_app_for_macos_when/,1767271459.0,venturecapital,discussion,community_post
Reddit_venturecapital,"Investors Question AI Accounting Which Bury Extend Useful Life, Bury Costs",jonfla,3,0,https://reddit.com/r/venturecapital/comments/1q0errw/investors_question_ai_accounting_which_bury/,1767192704.0,venturecapital,discussion,community_post
Reddit_venturecapital,"Does compounding actually work in tech, or does it keep getting reset?",Danielpixelz,2,3,https://reddit.com/r/venturecapital/comments/1q0az8x/does_compounding_actually_work_in_tech_or_does_it/,1767180857.0,venturecapital,discussion,community_post
Reddit_venturecapital,Why LP stands for leadership potential + building the playbook for shared prosperity - ImpactAlpha,scotyb,2,0,https://reddit.com/r/venturecapital/comments/1pz5q59/why_lp_stands_for_leadership_potential_building/,1767061275.0,venturecapital,discussion,community_post
Reddit_venturecapital,Built a free site to track AI companies competitive landscape,hrishikamath,2,1,https://reddit.com/r/venturecapital/comments/1pysud8/built_a_free_site_to_track_ai_companies/,1767030460.0,venturecapital,discussion,community_post
Reddit_venturecapital,Investment Thesis,Pale_Asparagus9094,18,16,https://reddit.com/r/venturecapital/comments/1pxz9zf/investment_thesis/,1766948275.0,venturecapital,discussion,community_post
Reddit_venturecapital,Bootstrapped Cap Table question,OkConsideration7584,7,6,https://reddit.com/r/venturecapital/comments/1pwwrhj/bootstrapped_cap_table_question/,1766838719.0,venturecapital,discussion,community_post
Reddit_venturecapital,Angel Investing or RE Investing?,Whole_Platform_4313,8,11,https://reddit.com/r/venturecapital/comments/1pwblcc/angel_investing_or_re_investing/,1766774618.0,venturecapital,discussion,community_post
Reddit_venturecapital,Built a free site to track historical tech companies competitive landscape,hrishikamath,10,7,https://reddit.com/r/venturecapital/comments/1pvkx82/built_a_free_site_to_track_historical_tech/,1766691243.0,venturecapital,discussion,community_post
Reddit_venturecapital,Investment in Brazil,Melonuski,0,2,https://reddit.com/r/venturecapital/comments/1pujht9/investment_in_brazil/,1766568838.0,venturecapital,discussion,community_post
Reddit_venturecapital,"certificate of designate suggests that the conversion price will the lowest of last 5 days VWAP, does this mean it is a lookback price and not down round? I need to assess the financing to determine if any derivative exists for valuation.",Silent_Chain_2551,3,0,https://reddit.com/r/venturecapital/comments/1ptpu08/certificate_of_designate_suggests_that_the/,1766482436.0,venturecapital,discussion,community_post
Reddit_venturecapital,Will non-AI deals prove to contrarian and right in 2026?,g_pal,29,10,https://reddit.com/r/venturecapital/comments/1pt8o8v/will_nonai_deals_prove_to_contrarian_and_right_in/,1766431982.0,venturecapital,discussion,community_post
Reddit_venturecapital,How can you trust a VC that jumps to conclusions like this,onesemesterchinese,76,18,https://reddit.com/r/venturecapital/comments/1pqzewv/how_can_you_trust_a_vc_that_jumps_to_conclusions/,1766186932.0,venturecapital,discussion,community_post
Reddit_venturecapital,What are you thoughts on sharing a pitch deck/ product roadmap with a VC that has invested in competitors in your space?,TeegeeackXenu,25,10,https://reddit.com/r/venturecapital/comments/1pr3we0/what_are_you_thoughts_on_sharing_a_pitch_deck/,1766199883.0,venturecapital,discussion,community_post
Reddit_venturecapital,A.I. Deal Making Is Getting Faster and Faster,Abelmageto,58,8,https://reddit.com/r/venturecapital/comments/1ppxh90/ai_deal_making_is_getting_faster_and_faster/,1766080808.0,venturecapital,discussion,community_post
Reddit_venturecapital,VCs Continue To Raise Billions To Keep Up With the AI Boom,jonfla,8,0,https://reddit.com/r/venturecapital/comments/1poyy9s/vcs_continue_to_raise_billions_to_keep_up_with/,1765984268.0,venturecapital,discussion,community_post
Reddit_venturecapital,Startup advisory work?,centerstate,15,23,https://reddit.com/r/venturecapital/comments/1poaxtx/startup_advisory_work/,1765912862.0,venturecapital,discussion,community_post
Reddit_startups,Share your startup - quarterly post,julian88888888,32,195,https://reddit.com/r/startups/comments/1qa653y/share_your_startup_quarterly_post/,1768154446.0,startups,discussion,community_post
Reddit_startups,[Hiring/Seeking/Offering] Jobs / Co-Founders Weekly Thread,AutoModerator,18,21,https://reddit.com/r/startups/comments/1qn6q3w/hiringseekingoffering_jobs_cofounders_weekly/,1769403662.0,startups,discussion,community_post
Reddit_startups,I will not promote ‚Äì need founders‚Äô help understanding the days after your first funding round,cwb83c,4,3,https://reddit.com/r/startups/comments/1qpz921/i_will_not_promote_need_founders_help/,1769662686.0,startups,discussion,community_post
Reddit_startups,Never take advice from startup mentors and gurus ‚Äúi will not promote‚Äù,First_Accountant_402,17,31,https://reddit.com/r/startups/comments/1qpjglv/never_take_advice_from_startup_mentors_and_gurus/,1769624618.0,startups,discussion,community_post
Reddit_startups,Amsterdam good for AI startups? ‚ÄúI will not promote‚Äù,First_Accountant_402,2,0,https://reddit.com/r/startups/comments/1qpy9y8/amsterdam_good_for_ai_startups_i_will_not_promote/,1769659875.0,startups,discussion,community_post
Reddit_startups,Rate my idea - I will not promote,mmmbop1234,7,13,https://reddit.com/r/startups/comments/1qpmysb/rate_my_idea_i_will_not_promote/,1769632059.0,startups,discussion,community_post
Reddit_startups,"Founders of security startups, how did you get your first customers? (I will not promote)",Devilish1333,3,12,https://reddit.com/r/startups/comments/1qploa9/founders_of_security_startups_how_did_you_get/,1769629252.0,startups,discussion,community_post
Reddit_startups,Need help navigating co-founder egos. [I will not promote],thikkurussi7,16,48,https://reddit.com/r/startups/comments/1qp74qa/need_help_navigating_cofounder_egos_i_will_not/,1769593845.0,startups,discussion,community_post
Reddit_startups,I am a first year student with a habit of never finishing my projects. This is me trying to change that. I will not promote,WinterMiserable5994,0,1,https://reddit.com/r/startups/comments/1qptlxo/i_am_a_first_year_student_with_a_habit_of_never/,1769647573.0,startups,discussion,community_post
Reddit_startups,Why fundraising benefits the ecosystem more than founders? (i will not promote),Lodago_,1,11,https://reddit.com/r/startups/comments/1qpp2t6/why_fundraising_benefits_the_ecosystem_more_than/,1769636781.0,startups,discussion,community_post
Reddit_startups,"Anyone building startup in writing, movies, any art or entertainment field? Would love to know more about it. I will not promote.",kiyotaka_007,8,5,https://reddit.com/r/startups/comments/1qp8gwp/anyone_building_startup_in_writing_movies_any_art/,1769598507.0,startups,discussion,community_post
Reddit_startups,YC no longer invest in Canadian companies and the insecure way they run their sub I will not promote,SwiggityDiggity8,167,41,https://reddit.com/r/startups/comments/1qo973u/yc_no_longer_invest_in_canadian_companies_and_the/,1769506038.0,startups,discussion,community_post
Reddit_startups,Is becoming a venture scout a waste of time? ( I will not promote),Dazzling_Hand6170,15,29,https://reddit.com/r/startups/comments/1qore6p/is_becoming_a_venture_scout_a_waste_of_time_i/,1769549657.0,startups,discussion,community_post
Reddit_startups,I'm crumbling (i will not promote),Lupexlol,16,20,https://reddit.com/r/startups/comments/1qonx2i/im_crumbling_i_will_not_promote/,1769542249.0,startups,discussion,community_post
Reddit_startups,Founder Vesting - I will not promote,Deep-Ambassador6373,8,22,https://reddit.com/r/startups/comments/1qoulb7/founder_vesting_i_will_not_promote/,1769556947.0,startups,discussion,community_post
Reddit_startups,"Need help starting up a brand, i will not promote",The_ManterOG,3,19,https://reddit.com/r/startups/comments/1qp1bnk/need_help_starting_up_a_brand_i_will_not_promote/,1769574332.0,startups,discussion,community_post
Reddit_startups,Can you buy an investor out of a SAFE? I will not promote,stapleton92,5,23,https://reddit.com/r/startups/comments/1qoxjcs/can_you_buy_an_investor_out_of_a_safe_i_will_not/,1769564300.0,startups,discussion,community_post
Reddit_startups,[I will not promote] How are people adjusting SaaS pricing in the era of AI?,Asanare,0,15,https://reddit.com/r/startups/comments/1qp6rmw/i_will_not_promote_how_are_people_adjusting_saas/,1769592478.0,startups,discussion,community_post
Reddit_startups,Best country to run AI startup ‚ÄúI will not promote‚Äù,First_Accountant_402,0,4,https://reddit.com/r/startups/comments/1qpiqtp/best_country_to_run_ai_startup_i_will_not_promote/,1769623145.0,startups,discussion,community_post
Reddit_startups,What environments produce the best startups. I will not promote,After_Meringue_1582,34,25,https://reddit.com/r/startups/comments/1qobzux/what_environments_produce_the_best_startups_i/,1769515435.0,startups,discussion,community_post
Reddit_startups,"[I will not promote] Non-technical founders, how did you find your technical cofounder?",wandering_sweater,14,24,https://reddit.com/r/startups/comments/1qoha86/i_will_not_promote_nontechnical_founders_how_did/,1769528488.0,startups,discussion,community_post
Reddit_startups,Capital Question - I will not promote,lunadoan,1,3,https://reddit.com/r/startups/comments/1qp13lu/capital_question_i_will_not_promote/,1769573709.0,startups,discussion,community_post
Reddit_startups,Where do you find angels? I will not promote,The-_Captain,6,9,https://reddit.com/r/startups/comments/1qohm9s/where_do_you_find_angels_i_will_not_promote/,1769529216.0,startups,discussion,community_post
Reddit_startups,I will not promote. Confused after the first VC call.,Wrong-Material-7435,41,59,https://reddit.com/r/startups/comments/1qo4q91/i_will_not_promote_confused_after_the_first_vc/,1769490748.0,startups,discussion,community_post
Reddit_startups,What startup programs or discounts have actually saved you serious money? (I will not promote),TheGrowthMentor,4,14,https://reddit.com/r/startups/comments/1qohy8w/what_startup_programs_or_discounts_have_actually/,1769529909.0,startups,discussion,community_post
Reddit_Entrepreneur,üéôÔ∏è Episode 001: Christian Reed (Founder of REEKON Tools) | /r/Entrepreneur Podcast,FITGuard,3,14,https://reddit.com/r/Entrepreneur/comments/1pyxz90/episode_001_christian_reed_founder_of_reekon/,1767041948.0,Entrepreneur,discussion,community_post
Reddit_Entrepreneur,"Marketplace Tuesday! - January 20, 2026",AutoModerator,3,16,https://reddit.com/r/Entrepreneur/comments/1qhx4b1/marketplace_tuesday_january_20_2026/,1768903237.0,Entrepreneur,discussion,community_post
Reddit_Entrepreneur,"Built a big business (8figs/yr), and now im miserable",BOWLeader,100,206,https://reddit.com/r/Entrepreneur/comments/1qpq4pd/built_a_big_business_8figsyr_and_now_im_miserable/,1769639172.0,Entrepreneur,discussion,community_post
Reddit_Entrepreneur,Who here has hired someone who turned out very different from their interview?,Checkr_Katie,57,31,https://reddit.com/r/Entrepreneur/comments/1qplcaa/who_here_has_hired_someone_who_turned_out_very/,1769628539.0,Entrepreneur,discussion,community_post
Reddit_Entrepreneur,What‚Äôs a niche market people underestimate but actually has money?,NOVALEXY,26,47,https://reddit.com/r/Entrepreneur/comments/1qpq8py/whats_a_niche_market_people_underestimate_but/,1769639430.0,Entrepreneur,discussion,community_post
Reddit_Entrepreneur,First business ideas for someone with marketing skills but no startup experience?,Careless_Wrangler_90,9,8,https://reddit.com/r/Entrepreneur/comments/1qpwjtt/first_business_ideas_for_someone_with_marketing/,1769655182.0,Entrepreneur,discussion,community_post
Reddit_Entrepreneur,"I have a good job and money, but I feel stuck",Practical-Outcome-64,4,6,https://reddit.com/r/Entrepreneur/comments/1qpz96l/i_have_a_good_job_and_money_but_i_feel_stuck/,1769662694.0,Entrepreneur,discussion,community_post
Reddit_Entrepreneur,AI visibility tools - overhyped fad or must-have for business? How does this even work?,furyofseth,20,4,https://reddit.com/r/Entrepreneur/comments/1qpr9ks/ai_visibility_tools_overhyped_fad_or_musthave_for/,1769641834.0,Entrepreneur,discussion,community_post
Reddit_Entrepreneur,Subreddit full of bots ?,Aexxys,8,21,https://reddit.com/r/Entrepreneur/comments/1qppnrl/subreddit_full_of_bots/,1769638092.0,Entrepreneur,discussion,community_post
Reddit_Entrepreneur,Do companies really die more often from lack of cash than from lack of customers?,Dispelda_,10,25,https://reddit.com/r/Entrepreneur/comments/1qpn4h8/do_companies_really_die_more_often_from_lack_of/,1769632414.0,Entrepreneur,discussion,community_post
Reddit_Entrepreneur,Momentum is starting to build,KaizenKintsugi,2,7,https://reddit.com/r/Entrepreneur/comments/1qpyt1j/momentum_is_starting_to_build/,1769661390.0,Entrepreneur,discussion,community_post
Reddit_Entrepreneur,Is it time to start on my own?,justsomeonesburner,17,33,https://reddit.com/r/Entrepreneur/comments/1qphj4q/is_it_time_to_start_on_my_own/,1769620708.0,Entrepreneur,discussion,community_post
Reddit_Entrepreneur,How do I generate more traffic on my blog website?,TajamulMian,9,16,https://reddit.com/r/Entrepreneur/comments/1qpmtvm/how_do_i_generate_more_traffic_on_my_blog_website/,1769631757.0,Entrepreneur,discussion,community_post
Reddit_Entrepreneur,Feedback on my offer please - I help founders optimize their health,DoctorAkku,3,11,https://reddit.com/r/Entrepreneur/comments/1qpvmlb/feedback_on_my_offer_please_i_help_founders/,1769652777.0,Entrepreneur,discussion,community_post
Reddit_Entrepreneur,Building my first app MVP: build it myself or hire offshore?,WombatWandersWild,3,20,https://reddit.com/r/Entrepreneur/comments/1qpv2aa/building_my_first_app_mvp_build_it_myself_or_hire/,1769651330.0,Entrepreneur,discussion,community_post
Reddit_Entrepreneur,"Our agency crossed $1M in 2025, mostly using freelance platforms.",skydesigner-,30,7,https://reddit.com/r/Entrepreneur/comments/1qpalr8/our_agency_crossed_1m_in_2025_mostly_using/,1769604962.0,Entrepreneur,discussion,community_post
Reddit_Entrepreneur,"What‚Äôs something you thought would matter a lot in business, but didn‚Äôt?",Traditional_Key8982,3,2,https://reddit.com/r/Entrepreneur/comments/1qpuram/whats_something_you_thought_would_matter_a_lot_in/,1769650524.0,Entrepreneur,discussion,community_post
Reddit_Entrepreneur,Insurance agent side gigs?,Interesting-Ad2765,2,2,https://reddit.com/r/Entrepreneur/comments/1qpw4r5/insurance_agent_side_gigs/,1769654096.0,Entrepreneur,discussion,community_post
Reddit_Entrepreneur,Self-wash car wash...how is it as a business?,Big-Energy-1876,4,4,https://reddit.com/r/Entrepreneur/comments/1qpmtaw/selfwash_car_washhow_is_it_as_a_business/,1769631721.0,Entrepreneur,discussion,community_post
Reddit_Entrepreneur,imo socials work better than outbound,Rich_Direction_3891,73,19,https://reddit.com/r/Entrepreneur/comments/1qp3zn8/imo_socials_work_better_than_outbound/,1769582589.0,Entrepreneur,discussion,community_post
Reddit_Entrepreneur,Snowstorms prove fuel stations are single points of failure,PenelopeSkies53,6,7,https://reddit.com/r/Entrepreneur/comments/1qpm7ay/snowstorms_prove_fuel_stations_are_single_points/,1769630397.0,Entrepreneur,discussion,community_post
Reddit_Entrepreneur,How Do You Keep Real Visibility on Cash Flow Health?,mjcponce,1,1,https://reddit.com/r/Entrepreneur/comments/1qq05ey/how_do_you_keep_real_visibility_on_cash_flow/,1769665399.0,Entrepreneur,discussion,community_post
Reddit_Entrepreneur,"Long-time dev/architect: close to rock bottom, have 4 hard-to-build SaaS products, don't know how to market. Try selling code, white-label or give-up?",consultali,4,9,https://reddit.com/r/Entrepreneur/comments/1qppkz9/longtime_devarchitect_close_to_rock_bottom_have_4/,1769637914.0,Entrepreneur,discussion,community_post
Reddit_Entrepreneur,I'm Japanese high school students Japan has a lot of problem to build business within minor years old I really need your help!,Possible_Low_8758,1,3,https://reddit.com/r/Entrepreneur/comments/1qpzxsm/im_japanese_high_school_students_japan_has_a_lot/,1769664731.0,Entrepreneur,discussion,community_post
Reddit_Entrepreneur,Would you use an app that calculates calories by just clicking a photo of Indian food?,shivmbaba,1,1,https://reddit.com/r/Entrepreneur/comments/1qpzohl/would_you_use_an_app_that_calculates_calories_by/,1769663945.0,Entrepreneur,discussion,community_post
Reddit_investing,"Daily General Discussion and Advice Thread - January 28, 2026",AutoModerator,1,18,https://reddit.com/r/investing/comments/1qp6bvn/daily_general_discussion_and_advice_thread/,1769590839.0,investing,discussion,community_post
Reddit_investing,Investing and Trading Scam Reminder,AutoModerator,41,5,https://reddit.com/r/investing/comments/1q13q10/investing_and_trading_scam_reminder/,1767272541.0,investing,discussion,community_post
Reddit_investing,how can we invest in a manner that takes advantage of the devaluing USD?,FairMongoose5583,138,215,https://reddit.com/r/investing/comments/1qptjko/how_can_we_invest_in_a_manner_that_takes/,1769647405.0,investing,discussion,community_post
Reddit_investing,"Gold spikes 4%, as dollar crashes amid Japanese bond sell off",YeahBuddy5000,2054,436,https://reddit.com/r/investing/comments/1qp6jn6/gold_spikes_4_as_dollar_crashes_amid_japanese/,1769591654.0,investing,discussion,community_post
Reddit_investing,BYD has overtaken Tesla as the world's biggest seller of electric vehicles. How can Tesla's PE ratio of ~290 be justified,No_Turnip_1023,1267,187,https://reddit.com/r/investing/comments/1qp56a4/byd_has_overtaken_tesla_as_the_worlds_biggest/,1769586689.0,investing,discussion,community_post
Reddit_investing,Realistically how high will gold go?,Economy-Experience81,137,248,https://reddit.com/r/investing/comments/1qplovb/realistically_how_high_will_gold_go/,1769629288.0,investing,discussion,community_post
Reddit_investing,JUST IN: $6 trillion asset manager Fidelity to launch its own crypto stablecoin.,SatoshiShe,190,60,https://reddit.com/r/investing/comments/1qpc5v4/just_in_6_trillion_asset_manager_fidelity_to/,1769608928.0,investing,discussion,community_post
Reddit_investing,What could stop the commodities' bullish trend?,Dry_Ganache7488,26,56,https://reddit.com/r/investing/comments/1qprmsq/what_could_stop_the_commodities_bullish_trend/,1769642709.0,investing,discussion,community_post
Reddit_investing,Why are the price movements of gold &amp; silver so concentrated outside of US market hours?,Inner_Ad_4725,6,5,https://reddit.com/r/investing/comments/1qpwz1s/why_are_the_price_movements_of_gold_silver_so/,1769656285.0,investing,discussion,community_post
Reddit_investing,Increasing the risk of my TFSA in my 30s,SonOfAFrig,3,1,https://reddit.com/r/investing/comments/1qpx4v8/increasing_the_risk_of_my_tfsa_in_my_30s/,1769656717.0,investing,discussion,community_post
Reddit_investing,The Missing Link in the Semiconductor Supply Chain: Canatu,Borrtex,8,4,https://reddit.com/r/investing/comments/1qpou9p/the_missing_link_in_the_semiconductor_supply/,1769636245.0,investing,discussion,community_post
Reddit_investing,Should I add 100% of Bonus to 401k?,thunderslam2,17,22,https://reddit.com/r/investing/comments/1qphzqn/should_i_add_100_of_bonus_to_401k/,1769621641.0,investing,discussion,community_post
Reddit_investing,Goldman Says Market Most Risk-On Since 2021 on Global Growth,alexstonks34,24,0,https://reddit.com/r/investing/comments/1qpdk5h/goldman_says_market_most_riskon_since_2021_on/,1769612200.0,investing,discussion,community_post
Reddit_investing,Advice for my 62 year old mother please.,blownnova548,4,28,https://reddit.com/r/investing/comments/1qpuq8o/advice_for_my_62_year_old_mother_please/,1769650453.0,investing,discussion,community_post
Reddit_investing,"Celestica Q4 revenue and adjusted EPS* above the high end of guidance range.  
Raises 2026 annual outlook.",LGHFB,5,0,https://reddit.com/r/investing/comments/1qppi4k/celestica_q4_revenue_and_adjusted_eps_above_the/,1769637738.0,investing,discussion,community_post
Reddit_investing,Roblox possibly taught my 12 year old about the risks of investing in individual stocks,Algae_grower,456,108,https://reddit.com/r/investing/comments/1qonyca/roblox_possibly_taught_my_12_year_old_about_the/,1769542323.0,investing,discussion,community_post
Reddit_investing,Where is the money coming out of if the US dollar is crashing and what are they buying with it?,trijcwhitey,317,163,https://reddit.com/r/investing/comments/1qoppt6/where_is_the_money_coming_out_of_if_the_us_dollar/,1769546063.0,investing,discussion,community_post
Reddit_investing,Rookie seekingadvice on stocks vs crypto,linkuphost,0,14,https://reddit.com/r/investing/comments/1qpxk0q/rookie_seekingadvice_on_stocks_vs_crypto/,1769657875.0,investing,discussion,community_post
Reddit_investing,Most Risk On Market Since 2021,pennquaker18,85,48,https://reddit.com/r/investing/comments/1qowlda/most_risk_on_market_since_2021/,1769561878.0,investing,discussion,community_post
Reddit_investing,Where to see ETF Weighted Movers?,Eyezidiba,2,0,https://reddit.com/r/investing/comments/1qpnrxq/where_to_see_etf_weighted_movers/,1769633879.0,investing,discussion,community_post
Reddit_investing,Gold Spiking vs. BTC tanking,Leading-Stable9725,286,578,https://reddit.com/r/investing/comments/1qokvwm/gold_spiking_vs_btc_tanking/,1769536017.0,investing,discussion,community_post
Reddit_investing,Worried about AI/Tech concentration. How are you hedging against a potential drawdown without exiting the market?,Designer-Lie-2104,2,1,https://reddit.com/r/investing/comments/1qpndt4/worried_about_aitech_concentration_how_are_you/,1769632993.0,investing,discussion,community_post
Reddit_investing,How is the Silver price so different in Shanghai ~$130 vs Comex ~$110,moldyjellybean,72,68,https://reddit.com/r/investing/comments/1qowidt/how_is_the_silver_price_so_different_in_shanghai/,1769561667.0,investing,discussion,community_post
Reddit_investing,Engaging roles after CFA certification. Seeking advise.,M_Arslan9,2,2,https://reddit.com/r/investing/comments/1qpn7wg/engaging_roles_after_cfa_certification_seeking/,1769632627.0,investing,discussion,community_post
Reddit_investing,"Is there no concern about the dollar free fall, in any of the investing conversations?",ya-reddit-acct,279,138,https://reddit.com/r/investing/comments/1qokn4r/is_there_no_concern_about_the_dollar_free_fall_in/,1769535516.0,investing,discussion,community_post
Reddit_wallstreetbets,Weekly Earnings Thread 1/26 - 1/30,OSRSkarma,499,1419,https://reddit.com/r/wallstreetbets/comments/1qkue6w/weekly_earnings_thread_126_130/,1769183432.0,wallstreetbets,discussion,community_post
Reddit_wallstreetbets,"What Are Your Moves Tomorrow, January 29, 2026",wsbapp,169,9549,https://reddit.com/r/wallstreetbets/comments/1qpnrj3/what_are_your_moves_tomorrow_january_29_2026/,1769633852.0,wallstreetbets,discussion,community_post
Reddit_wallstreetbets,"Elon Musk says Tesla ending Models S and X production, converting Fremont factory lines to make Optimus robots",Force_Hammer,8018,1477,https://reddit.com/r/wallstreetbets/comments/1qpqrk4/elon_musk_says_tesla_ending_models_s_and_x/,1769640640.0,wallstreetbets,discussion,community_post
Reddit_wallstreetbets,FED MAINTAINS RATES AT 3.5-3.75%,Several_Print4633,6994,604,https://reddit.com/r/wallstreetbets/comments/1qpkiwz/fed_maintains_rates_at_35375/,1769626820.0,wallstreetbets,discussion,community_post
Reddit_wallstreetbets,600 bucks away from one million,ogami_itto,2571,196,https://reddit.com/r/wallstreetbets/comments/1qpmwuq/600_bucks_away_from_one_million/,1769631938.0,wallstreetbets,discussion,community_post
Reddit_wallstreetbets,"Nvidia, Microsoft, Amazon in talks to invest up to $60 billion in OpenAI, The Information reports",_AGAINST_ALL_ODDS_,550,233,https://reddit.com/r/wallstreetbets/comments/1qpxapq/nvidia_microsoft_amazon_in_talks_to_invest_up_to/,1769657163.0,wallstreetbets,discussion,community_post
Reddit_wallstreetbets,Holy we rich,imtrulyregarded,625,195,https://reddit.com/r/wallstreetbets/comments/1qpvdyh/holy_we_rich/,1769652161.0,wallstreetbets,discussion,community_post
Reddit_wallstreetbets,"Microsoft Q2 earnings beat on top and bottom line as cloud revenue tops $50 billion, but stock falls",Force_Hammer,1113,290,https://reddit.com/r/wallstreetbets/comments/1qpo35s/microsoft_q2_earnings_beat_on_top_and_bottom_line/,1769634558.0,wallstreetbets,discussion,community_post
Reddit_wallstreetbets,All In Shorting Gold,RavenBJ,942,692,https://reddit.com/r/wallstreetbets/comments/1qpm63n/all_in_shorting_gold/,1769630326.0,wallstreetbets,discussion,community_post
Reddit_wallstreetbets,üéäü•≥ S&amp;P 500 $7K üéäü•≥,toydan,2270,161,https://reddit.com/r/wallstreetbets/comments/1qpcyhq/sp_500_7k/,1769610801.0,wallstreetbets,discussion,community_post
Reddit_wallstreetbets,Wrecked by the silver train. Six figure loss realized.,lamephoto,422,210,https://reddit.com/r/wallstreetbets/comments/1qprckv/wrecked_by_the_silver_train_six_figure_loss/,1769642031.0,wallstreetbets,discussion,community_post
Reddit_wallstreetbets,JUST IN: $META REPORTED EARNINGS EPS of $8.88 beating expectations of $8.19üü¢ Revenue of $59.9B beating expectations of $58.5Büü¢,-----Marcel-----,601,169,https://reddit.com/r/wallstreetbets/comments/1qpo2mb/just_in_meta_reported_earnings_eps_of_888_beating/,1769634523.0,wallstreetbets,discussion,community_post
Reddit_wallstreetbets,DBS bank has nearly all of their sell-side reports public for anyone to see.,mithyyyy,167,29,https://reddit.com/r/wallstreetbets/comments/1qpwyqz/dbs_bank_has_nearly_all_of_their_sellside_reports/,1769656264.0,wallstreetbets,discussion,community_post
Reddit_wallstreetbets,US moves away from critical mineral price floors,I_killed_the_kraken,290,106,https://reddit.com/r/wallstreetbets/comments/1qpreqo/us_moves_away_from_critical_mineral_price_floors/,1769642172.0,wallstreetbets,discussion,community_post
Reddit_wallstreetbets,CVNA down 20% on the day after Gotham City Research claims fraud.,becky_af,570,178,https://reddit.com/r/wallstreetbets/comments/1qpjuyr/cvna_down_20_on_the_day_after_gotham_city/,1769625445.0,wallstreetbets,discussion,community_post
Reddit_wallstreetbets,"CVNA puts, that escalated quickly",MrLeaps,385,89,https://reddit.com/r/wallstreetbets/comments/1qpjmc5/cvna_puts_that_escalated_quickly/,1769624943.0,wallstreetbets,discussion,community_post
Reddit_wallstreetbets,"Tesla stock climbs on Q4 earnings beat, Optimus robots on track for end-of-year production",SixZoSeven,193,245,https://reddit.com/r/wallstreetbets/comments/1qporwk/tesla_stock_climbs_on_q4_earnings_beat_optimus/,1769636102.0,wallstreetbets,discussion,community_post
Reddit_wallstreetbets,Another GLD gain 15k &gt;&gt;&gt; 58k,justfutt,80,10,https://reddit.com/r/wallstreetbets/comments/1qpu4tl/another_gld_gain_15k_58k/,1769648906.0,wallstreetbets,discussion,community_post
Reddit_wallstreetbets,No one ever went broke taking profit,dtlabsa,69,9,https://reddit.com/r/wallstreetbets/comments/1qprz89/no_one_ever_went_broke_taking_profit/,1769643545.0,wallstreetbets,discussion,community_post
Reddit_wallstreetbets,CVNA gain,nebgy,188,22,https://reddit.com/r/wallstreetbets/comments/1qpj9r4/cvna_gain/,1769624217.0,wallstreetbets,discussion,community_post
Reddit_wallstreetbets,Elon is not becoming a trillionaire anytime soon...,Yeezyfrpresident2020,2029,705,https://reddit.com/r/wallstreetbets/comments/1qp1kwh/elon_is_not_becoming_a_trillionaire_anytime_soon/,1769575065.0,wallstreetbets,discussion,community_post
Reddit_wallstreetbets,SoftBank in Talks to Invest Up to $30 Billion More in OpenAI,Discarded_Twix_Bar,818,170,https://reddit.com/r/wallstreetbets/comments/1qp6gxe/softbank_in_talks_to_invest_up_to_30_billion_more/,1769591364.0,wallstreetbets,discussion,community_post
Reddit_wallstreetbets,$hims dip buying,Worth_Cost_880,42,37,https://reddit.com/r/wallstreetbets/comments/1qpt5pr/hims_dip_buying/,1769646451.0,wallstreetbets,discussion,community_post
Reddit_wallstreetbets,Meta Q4 Earnings Call Live Transcript,wsb-earnings,71,43,https://reddit.com/r/wallstreetbets/comments/1qpn64q/meta_q4_earnings_call_live_transcript/,1769632517.0,wallstreetbets,discussion,community_post
Reddit_wallstreetbets,All stock portfolio,Easy_Bar8701,16,18,https://reddit.com/r/wallstreetbets/comments/1qpyv1z/all_stock_portfolio/,1769661558.0,wallstreetbets,discussion,community_post
Reddit_SecurityAnalysis,2025 Analysis Questions and Discussions Thread,Beren-,17,10,https://reddit.com/r/SecurityAnalysis/comments/1i2ls71/2025_analysis_questions_and_discussions_thread/,1737022282.0,SecurityAnalysis,discussion,community_post
Reddit_SecurityAnalysis,Q4 2025 Letters &amp; Reports,Beren-,25,25,https://reddit.com/r/SecurityAnalysis/comments/1q7e0zc/q4_2025_letters_reports/,1767884493.0,SecurityAnalysis,discussion,community_post
Reddit_SecurityAnalysis,"Damodaran - The Trust Deficit - Bonds, Currencies, Gold and Bitcoin in 2025!",Beren-,10,0,https://reddit.com/r/SecurityAnalysis/comments/1qpi6xz/damodaran_the_trust_deficit_bonds_currencies_gold/,1769622059.0,SecurityAnalysis,discussion,community_post
Reddit_SecurityAnalysis,Constellation Energy: The Federal Reserve of the Electron,Beren-,14,0,https://reddit.com/r/SecurityAnalysis/comments/1qnjbm5/constellation_energy_the_federal_reserve_of_the/,1769441784.0,SecurityAnalysis,discussion,community_post
Reddit_SecurityAnalysis,Breaking the Pro-Rata Paradigm in Europe: Deconstructing Selecta‚Äôs Creditor-Led Restructuring,PariPassu_Newsletter,9,0,https://reddit.com/r/SecurityAnalysis/comments/1qkqh8z/breaking_the_prorata_paradigm_in_europe/,1769174050.0,SecurityAnalysis,discussion,community_post
Reddit_SecurityAnalysis,"SaaS Isn‚Äôt Dead, the Pricing Model Might Be",unnoticeable84,23,0,https://reddit.com/r/SecurityAnalysis/comments/1qib4hp/saas_isnt_dead_the_pricing_model_might_be/,1768937908.0,SecurityAnalysis,discussion,community_post
Reddit_SecurityAnalysis,US Trucking Primer I: Cycle basics,tandroide,15,0,https://reddit.com/r/SecurityAnalysis/comments/1qgr2de/us_trucking_primer_i_cycle_basics/,1768787632.0,SecurityAnalysis,discussion,community_post
Reddit_SecurityAnalysis,Operating Leverage as a Source of Market Inefficiency,Beren-,16,1,https://reddit.com/r/SecurityAnalysis/comments/1qdgvy3/operating_leverage_as_a_source_of_market/,1768475823.0,SecurityAnalysis,discussion,community_post
Reddit_SecurityAnalysis,Data Update 1 for 2026: The Push and Pull of Data,Beren-,6,0,https://reddit.com/r/SecurityAnalysis/comments/1qdgiv6/data_update_1_for_2026_the_push_and_pull_of_data/,1768474563.0,SecurityAnalysis,discussion,community_post
Reddit_SecurityAnalysis,Net debt in enterprise value - Seasonality and fair values,Beren-,5,0,https://reddit.com/r/SecurityAnalysis/comments/1qco467/net_debt_in_enterprise_value_seasonality_and_fair/,1768399515.0,SecurityAnalysis,discussion,community_post
Reddit_SecurityAnalysis,The Kelly Criterion,Beren-,11,0,https://reddit.com/r/SecurityAnalysis/comments/1qbt4yb/the_kelly_criterion/,1768315450.0,SecurityAnalysis,discussion,community_post
Reddit_SecurityAnalysis,CAVA Valuation - Looking for feedback on process,beerion,7,4,https://reddit.com/r/SecurityAnalysis/comments/1q8hgc7/cava_valuation_looking_for_feedback_on_process/,1767986201.0,SecurityAnalysis,discussion,community_post
Reddit_SecurityAnalysis,Trying to break into equity research / capital markets ‚Äì any advice?,akasra123,4,11,https://reddit.com/r/SecurityAnalysis/comments/1q5ylso/trying_to_break_into_equity_research_capital/,1767741589.0,SecurityAnalysis,discussion,community_post
Reddit_SecurityAnalysis,From Grid &amp; Reshoring Supercycle to Small-Cap Execution: CTOS vs ALTG,Beren-,5,0,https://reddit.com/r/SecurityAnalysis/comments/1q4hl95/from_grid_reshoring_supercycle_to_smallcap/,1767606582.0,SecurityAnalysis,discussion,community_post
Reddit_SecurityAnalysis,Versant - would you buy CNBC at 5X earnings?,jackandjillonthehill,24,4,https://reddit.com/r/SecurityAnalysis/comments/1q3ip4w/versant_would_you_buy_cnbc_at_5x_earnings/,1767508176.0,SecurityAnalysis,discussion,community_post
Reddit_SecurityAnalysis,Fixing the CAPE Ratio - Does Liquidity Matter?,beerion,6,9,https://reddit.com/r/SecurityAnalysis/comments/1q2y8oo/fixing_the_cape_ratio_does_liquidity_matter/,1767456204.0,SecurityAnalysis,discussion,community_post
Reddit_SecurityAnalysis,The 2025 Distressed Investing Conference | Detailed Review,PariPassu_Newsletter,8,0,https://reddit.com/r/SecurityAnalysis/comments/1q2e25e/the_2025_distressed_investing_conference_detailed/,1767396136.0,SecurityAnalysis,discussion,community_post
Reddit_SecurityAnalysis,My Beef With CAPM,beerion,11,4,https://reddit.com/r/SecurityAnalysis/comments/1pysall/my_beef_with_capm/,1767029250.0,SecurityAnalysis,discussion,community_post
Reddit_SecurityAnalysis,NVDA Acqui-hires Groq‚Äôs Talent and Inference IP,unnoticeable84,9,0,https://reddit.com/r/SecurityAnalysis/comments/1px014a/nvda_acquihires_groqs_talent_and_inference_ip/,1766848250.0,SecurityAnalysis,discussion,community_post
Reddit_SecurityAnalysis,Ricky Sandler - Investing Through Perception Shifts and Market Cycles,Beren-,9,0,https://reddit.com/r/SecurityAnalysis/comments/1pt4ky4/ricky_sandler_investing_through_perception_shifts/,1766422564.0,SecurityAnalysis,discussion,community_post
Reddit_SecurityAnalysis,Big bets and broken unicorns: Tiger Global‚Äôs rise and reckoning,Beren-,8,0,https://reddit.com/r/SecurityAnalysis/comments/1psxe2f/big_bets_and_broken_unicorns_tiger_globals_rise/,1766403185.0,SecurityAnalysis,discussion,community_post
Reddit_SecurityAnalysis,Lithium majors: an asset by asset profitability analysis,tandroide,10,0,https://reddit.com/r/SecurityAnalysis/comments/1ps8xko/lithium_majors_an_asset_by_asset_profitability/,1766330568.0,SecurityAnalysis,discussion,community_post
Reddit_SecurityAnalysis,"Clustered 10b5-1 plan adoptions at Wave Life Sciences, normal or notable?",NovelFindings,8,0,https://reddit.com/r/SecurityAnalysis/comments/1pqm9ow/clustered_10b51_plan_adoptions_at_wave_life/,1766154015.0,SecurityAnalysis,discussion,community_post
Reddit_SecurityAnalysis,City Brewing: A Hard Seltzer LME Hangover,PariPassu_Newsletter,4,0,https://reddit.com/r/SecurityAnalysis/comments/1pql8nl/city_brewing_a_hard_seltzer_lme_hangover/,1766151282.0,SecurityAnalysis,discussion,community_post
Reddit_SecurityAnalysis,RadNet: The AI Story That Doesn‚Äôt Add Up,Beren-,8,0,https://reddit.com/r/SecurityAnalysis/comments/1po4zu9/radnet_the_ai_story_that_doesnt_add_up/,1765899372.0,SecurityAnalysis,discussion,community_post
